ingredientID,name,recipeID
28,1-1/2 cups plain yogurt,2
29,1 tsp ground ginger,2
30,1 tsp ground cumin,2
31,1 tsp crushed red pepper,2
32,1 tsp salt,2
33,1/2 tsp garlic powder,2
34,1 tsp paprika,2
35,1/2 tsp ground coriander (or curry powder),2
36,1/8 tsp ground cloves,2
37,1/8 tsp black pepper,2
38,2 tbl hot pepper sauce (or Tabasco sauce),2
39,8 drops red food coloring,2
40,"2-1/2 to 3 lbs chicken, cut into piece (boneless breasts)",2
41,1 tbl flour,3
42,2 tsp chili powder,3
43,2 tsp paprika,3
44,3/4 tsp salt,3
45,3/4 tsp minced onion,3
46,1 tsp cumin,3
47,1/4 tsp cayenne pepper,3
48,1/2 tsp garlic powder,3
49,1/4 tsp sugar,3
50,1/8 tsp ground oregano,3
59,Seeds from 1 cup green cardamoms,5
60,1/4 cup whole black peppers,5
61,2 tbl cloves,5
62,1/4 ? grated nutmeg,5
63,1/4 cup cumin seeds,5
64,1 cup plain yoghurt,6
65,3/4 cup chopped ripe mango,6
66,2 tbl sugar,6
67,4 ice cubes,6
68,1 lb shelled and deveined shrimp,7
69,1 cup long grain basmati rice,7
70,2 chopped medium onions,7
71,1 inch piece grated ginger,7
72,2 cloves crushed garlic,7
73,2 green chilies,7
74,2/3 cup grated coconut,7
75,2 tsp garam masala,7
76,1 tbl lime juice,7
77,1 tbl cashew nuts and raisins,7
78,2 bay leaves,7
79,1/4 cup ghee,7
80,salt,7
165,2/3 cup butter,14
166,1/3 cup olive oil,14
167,"3 clove garlic, peeled and chopped",14
168,1/3 cup chopped parsely,14
169,1 tsp basil,14
170,1/2 tsp oregano,14
171,1/2 tsp salt,14
172,1/4 tsp black pepper,14
173,4 oz wide egg noodles,12
174,2 tbl corn starch,12
175,1 1/2 cups milk,12
176,3/4 cup water,12
177,1 tsp garlic powder,12
178,1/4 tsp pepper,12
179,"1/4 cup Parmesan cheese, grated",12
180,"2 cups turkey, diced",12
181,"2 tbl almonds, diced",12
182,2 chicken bullion cubes,12
183,bread crumbs for topping,12
184,4 cups bread crumbs,15
185,2 cups milk,15
186,4 tbl butter or margarine,15
187,1/2 cup sugar,15
188,2 eggs slightly beaten,15
189,1/4 tsp salt,15
190,1 tsp cinnamon,15
191,1/2 cup seedless raisins,15
192,1 tbl margarine,16
193,3 tbl Olive Oil,16
194,1 medium head garlic diced,16
195,2 - 9 ounce boxes frozen green beans,16
196,salt and pepper to taste,16
197,1/4 cup grated Parmesan cheese,16
198,1 1/2 cups warm water,17
199,1 tbl active dry yeast,17
200,2 tbl sugar,17
201,2 tbl vegetable oil,17
202,1 tsp salt,17
203,4 cups bread flour,17
233,2 1/2 cup sugar,21
234,1/4 cup butter,21
235,5 oz can evaporated milk,21
236,1 (7.5 oz) jar marshmallow fluff,21
237,3/4 tsp vanilla,21
238,1 (12 oz) bag chocolate chips,21
239,1 1/2 tbl olive oil,22
240,2 tbl chopped onion,22
241,2 tbl chopped green pepper,22
242,"1 clove garlic, minced",22
243,1 cup rice,22
244,14 1/2 oz can tomatoes,22
245,1 tsp chili powder,22
246,1/2 tsp cumin,22
247,Salt and Pepper to taste,22
261,3/4 cup water + 2 tbl,24
262,1 tsp lemon juice,24
263,3/4 tsp salt,24
264,1 1/2 tbl sugar,24
265,2 1/2 cups bread flour,24
266,1 3/4 tsp active dry yeast,24
267,"Glaze: 1 whole egg, beaten",24
268,1 cup rice,25
269,2 cups water,25
270,1 tsp salt,25
271,1 tsp margarine,25
272,"1 1/2 cups carrots, diced",25
273,"1 cup onion, chopped",25
274,"1 cup cashews, chopped",25
275,1/2 cup margarine,25
306,1 - 11 oz can Mandarin Oranges,20
307,1/4 cup Mandarin Orange juice,20
308,1 cup chopped fresh Cilantro,20
309,1/2 cup sliced red onion,20
310,1/4 cup olive oil,20
311,1/4 cup red wine vinegar,20
312,1 tsp diced jalapenos,20
313,1 tsp salt,20
314,"4 boneless, skinless chicken breasts",20
402,1 1/3 cups warm water (105 deg),32
403,1/4 cup non-fat dry milk,32
404,1/2 tsp salt,32
405,4 cups flour,32
406,1 tbl sugar,32
407,1 pk dry yeast,32
408,2 tbl vegetable oil (for dough),32
409,9 oz. vegetable oil (3 oz per pan),32
410,Butter flavored Pam,32
411,"Mozzarella cheese, shredded.",32
434,1 tsp sesame oil,29
435,1 tsp rice wine or dry sherry,29
436,1 tsp sugar,29
437,1 tsp minced ginger (ground ginger works too),29
438,dash white pepper (black pepper ok),29
439,cornstarch (if mixture is not solid enough),29
440,1/2 lb finely chopped pork,29
441,1/2 lb finely chopped shrimp,29
442,2 finely chopped scallions,29
443,1 tbl soy sauce,29
444,2 tsp oyster sauce,29
445,Wonton wrappers,29
468,1 tbl paprika,34
469,2 tsp chili powder,34
470,1/2 tsp onion powder,34
471,1/2 tsp ground cumin,34
472,1/2 tsp salt,34
473,1/2 tsp sugar,34
474,1/2 tsp ground black pepper,34
475,1/4 tsp dry mustard,34
476,1/4 tsp cayenne pepper (hot!),34
477,1/4 tsp curry powder,34
478,1/4 tsp cilantro,34
479,2 tbl vegetable oil,34
480,4 - 6oz filet mignons,34
486,"2 - 6oz filets, 1 1/2 inch thick",35
487,1/2 tsp fresh ground black pepper,35
488,salt to taste,35
489,1/3 cup balsamic vinegar,35
490,1/4 cup dry red wine,35
501,1 1/2 cups flour,36
502,2 tsp baking powder,36
503,1/2 tsp salt,36
504,4 tbl butter - softened,36
505,1/2 cup granulated sugar,36
506,1 egg - beaten,36
507,1 tsp vanilla,36
508,1/2 cup milk,36
509,1 1/2 cups fresh blueberries,36
510,Streusal:,36
511,2 tbl butter - melted,36
512,2 tbl brown sugar,36
513,1/2 tsp cinnamon,36
514,1/3 cup walnuts - chopped,36
515,2/3 cup warm milk/water,4
516,1 tsp active dry yeast,4
517,1 tsp white sugar,4
518,2 cups all-purpose flour,4
519,1 tsp salt,4
520,4 tbl ghee (butter),4
521,2 tbl yogurt,4
522,2 tsp kalonji (black cumin seeds),4
540,1 tbl flour,37
541,1 tsp chili powder,37
542,1 tsp paprika,37
543,3/4 tsp salt,37
544,3/4 tsp minced onion (use more),37
545,1/2 tsp cumin,37
546,1/4 tsp cayenne pepper (hot!),37
547,1/4 tsp garlic powder,37
548,1/4 tsp sugar,37
549,1/8 tsp ground oregano,37
550,2 cups Bisquick baking mix,38
551,1 3/4 cups finely shredded cheddar cheese,38
552,2/3 cups milk,38
553,"2 tbl butter, melted and divided",38
554,1/4 tsp garlic powder,38
555,1/2 tsp fine parsely flakes,38
570,8 oz tomato sauce,40
571,1 tsp dry oregano,40
572,1/2 tsp marjoram,40
573,1/2 tsp dry basil,40
574,1/2 tsp garlic salt,40
589,1/2 pound ground beef,39
590,2 tbl flour,39
591,1 1/2 tsp chili powder,39
592,3/4 tsp salt,39
593,1 tsp dried minced onion,39
594,1/4 tsp paprika,39
595,dash garlic powder,39
596,dash onion powder,39
597,2 tbl water,39
598,"8 small - 6"" - flour tortillas",39
599,1 cup cooking oil,39
600,2/3 cup salsa,39
601,1/2 cup shredded cheddar cheese,39
602,1/2 cup shredded Monterey Jack,39
611,6 eggs,41
612,1/2 tsp salt,41
613,1/4 tsp pepper,41
614,1/2 tsp dry mustard,41
615,About 3 tbl vinegar or cream,41
618,1/4 cup ketchup,42
619,3 tbl wine vinegar,42
620,2 tsp firmly packed brown sugar,42
621,1 clove garlic,42
622,1/8 tsp dried thyme,42
623,1/4 tsp black pepper,42
633,"8 broiler-fryer chicken thighs, skinned",33
634,1 tsp salt,33
635,1/2 tsp freshly-ground pepper,33
636,"1/2 cup margarine, melted",33
637,2 tbl lemon juice,33
638,1/2 tsp dry dill weed,33
639,8 tsp sliced green onion,33
640,1 cup thinly sliced carrots,33
641,6 oz swiss cheese (8 slices),33
655,2 lbs flank steak,43
656,Marinade:,43
657,2 tbl soy sauce,43
658,2 tbl sherry,43
659,2 tb Dijon Mustard (Yellow mustard ok),43
660,3 tbl brown sugar,43
661,2 tsp curry powder,43
662,Carmelized Onions:,43
663,1 tbl olive oil,43
664,1 tbl butter,43
665,2 large onions sliced into thin rounds,43
666,2 tsp brown sugar,43
667,5 tbl chicken stock,43
790,1/4 cup Sherry Cooking Wine,45
791,1/4 cup dark Molasses,45
792,2 tbl low sodium soy sauce,45
793,"4 pork chops, 1 inch thick",45
802,4 tbl chili powder,46
803,2 tbl ground cumin,46
804,2 tsp ground oregano,46
805,2 tsp garlic salt,46
829,4 Boneless chicken breasts,48
830,1/4 c chopped cooked ham,48
831,1/4 grated swiss cheese,48
832,1 clove garlic; crushed,48
833,2 tbl white wine,48
834,salt and pepper to taste,48
835,1/4 c flour seasoned with pepper,48
836,1 lg egg beaten with 1 tbl oil,48
837,1/2 c breadcrumbs,48
838,1/4 c oil,48
839,5 tbl butter,48
850,3 eggs,30
851,1/2 cup flour,30
852,1/2 tsp vanilla,30
853,1/2 cup milk,30
854,3 tbl melted shortning or margarine,30
868,3 large onions,23
869,6 tbl vinegar,23
870,6 tbl brown sugar,23
871,1 tbl Worcestershire sauce,23
872,3 cups ketchup,23
873,Salt to taste,23
874,Cayenne pepper to taste,23
875,6 tbl margarine,23
876,1/2 cup lemon juice,23
877,6 tsp mustard,23
878,3 tsp chili powder,23
879,1 1/2 cup water,23
880,Tabasco to taste,23
891,"1 cup (2 sticks) butter, softened",49
892,1 cup firmly packed brown sugar,49
893,1/2 cup granulated sugar,49
894,2 eggs,49
895,1 tsp vanilla,49
896,1-1/2 cups flour,49
897,1 tsp baking soda,49
898,1 tsp cinnamon,49
899,3 cups Oats (quick or old fashioned),49
900,1 cup raisins,49
909,1 1/2 cups granulated sugar,50
910,2/3 cup (5 oz can) evaporated milk,50
911,2 tbl butter or margarine,50
912,1/4 tsp salt,50
913,2 cups miniature marshmallows,50
914,1 (11.5 oz) package milk chocolate morsels (semi-sweet ok),50
915,1/2 cup chopped pecans or walnuts,50
916,1 tsp vanilla extract,50
946,1 cup flour,52
947,2 tsp salt,52
948,1/2 tsp black pepper,52
949,1/4 tsp cayenne pepper,52
950,1/4 tsp paprika,52
951,1 egg,52
952,1 cup milk,52
953,2 chicken breast fillets,52
954,4-6 cups vegetable oil (for frying),52
955,1/4 cup Frank's Hot Sauce,52
956,1 tbl margarine,52
993,3 cups flour,54
994,1 cup lard,54
995,5 tbl water,54
996,1 egg,54
997,2 tsp vinegar,54
998,1/2 tsp baking powder,54
1009,1 cup all purpose flour,55
1010,1/2 cup yellow cornmeal,55
1011,1 tbl sugar,55
1012,1 1/2 tsp baking powder,55
1013,1/4 tsp salt,55
1014,2/3 cup milk,55
1015,1 egg,55
1016,"1 tbl butter, melted",55
1017,Hot Dogs,55
1018,Sticks,55
1029,1 pound chicken breast,53
1030,2 heaping tbl grated romano cheese,53
1031,4 tbl finely chopped parsley,53
1032,"2 eggs, beaten well",53
1033,flour for dredging,53
1034,1/4 cup olive oil,53
1035,3/4 cup dry white wine,53
1036,3 cups chicken stock,53
1037,12 thin slices of lemon (2 lemons),53
1038,2 tbl butter,53
1039,2 1/2 cup flour,56
1040,1/2 cup salt,56
1041,2 pkg unsweetened Kool-Aid,56
1042,2 cups boiling water,56
1043,3 tbl vegetable oil,56
1064,2 chicken breasts,58
1065,1/2 cup flour,58
1066,1 1/2 tsp salt,58
1067,1/4 tsp freshly ground pepper,58
1068,1/2 tsp paprika,58
1069,3 tbl butter,58
1070,2 tbl olive oil,58
1071,1/4 cup chicken broth,58
1072,3 tbl fresh lemon juice,58
1073,6 to 8 thin slices of lemon,58
1194,A.,59
1195,1/2 tsp salt,59
1196,1/2 tsp soy sauce,59
1197,1 tbl corn starch,59
1198,1tbl cold water,59
1199,1 egg yolk,59
1200,B.,59
1201,1 green pepper,59
1202,2 carrots,59
1203,2 onions,59
1204,1 can chunk pineapple (or fresh),59
1205,C.,59
1206,4 tbl vinegar,59
1207,4 tbl catsup,59
1208,4 tbl sugar,59
1209,5 tbl cold water,59
1210,5 tbl pineapple juice,59
1211,3 tsp corn starch,59
1212,1 tsp salt,59
1213,1 tsp toasted sesame oil,59
1221,2 1/4 cups sifted flour,60
1222,4 tsp baking powder,60
1223,3/4 tsp salt,60
1224,1 1/2 tbl sugar,60
1225,2 beaten eggs,60
1226,2 1/4 cups milk,60
1227,3/4 cup oil,60
1256,"2 beef tenderloin steaks (1"" thick/6oz)",62
1257,1 tbl brown sugar,62
1258,1 tbl sweet paprika,62
1259,1 tsp dry mustard,62
1260,1 tsp ground allspice,62
1261,1/4 tsp pepper (black?),62
1262,"1 1/2 lb top round steak about 1"" thick",63
1263,1/2 cup Itailian dressing,63
1264,1/4 cup lime juice,63
1265,1/8 cup lemon juice,63
1266,1/2 tsp thyme,63
1267,1/2 tsp rosemary,63
1268,1 tbl honey,63
1318,1 tsp Cumin seeds,1
1319,1 cup Canned tomato sauce,1
1320,"1 1"" cube fresh gringer finely grated",1
1321,1 cup heavy cream,1
1322,1 tsp garam masala,1
1323,1/4 tsp salt,1
1324,1 fresh green chile sliced,1
1325,1/4 tsp cayenne pepper,1
1326,"1 tbl cilantro, minced",1
1327,Sprigs of cilantro for garnish,1
1328,1 stick unsalted butter,1
1329,1 tbl lemon juice,1
1330,2 cups basmati rice,19
1331,1 tsp saffron threads,19
1332,6 tbl butter,19
1333,"1 - 2"" piece cinnamon stick",19
1334,4 whole cloves,19
1335,"1 cup onion, finely chopped",19
1336,2 tsp salt,19
1348,1/8 tsp butter,64
1349,4-5 tbl flour,64
1350,6.5 oz evaporated milk,64
1351,1/8 tsp dry mustard,64
1352,1/2 tsp Worcestershire sauce,64
1353,3/4 tsp tarragon leaves,64
1354,1/2 tsp onion powder,64
1355,1/2 tbl chopped parsley,64
1356,1/2 lb lump crabmeat,64
1357,1 egg,64
1358,bread crumbs,64
1377,1 - 3 oz pkg cream cheese softened,66
1378,8 tbl butter softened,66
1379,1 cup all-purpose flour,66
1380,3/4 cup packed light brown sugar,66
1381,1 tsp vanilla,66
1382,pinch salt,66
1383,1 large egg,66
1384,2/3 cup pecans chopped,66
1385,1 tbl salt,65
1386,1/2 tbl lemon juice,65
1387,2 tsp sugar,65
1388,1/2 tsp black pepper,65
1389,1/4 tsp powdered garlic,65
1390,1 tbl whole basil,65
1391,1/4 tsp powdered onion,65
1392,2 tbl olive oil,65
1393,1/4 tsp paprika,65
1402,4 russet potatoes,67
1403,1 onion,67
1404,salt and pepper to taste,67
1405,3 tbl butter,67
1406,3 tbl flour,67
1407,1/2 tsp salt,67
1408,2 cups milk,67
1409,1-1/2 cups shredded cheddar cheese,67
1410,1 can chicken broth,68
1411,6 tbl louisiana hot sauce,68
1412,1 tbl garlic salt,68
1413,4 tbl worchestershire sauce,68
1414,1- 6oz can tomato paste,69
1415,1-1/2 cups water,69
1416,1/3 cup extra virgin olive oil,69
1417,"2 cloves garlic, minced",69
1418,ground black pepper to taste,69
1419,1/2 tbl dried oregano,69
1420,1/2 tbl dried basil,69
1421,"1/2 tsp dried rosemary, crushed",69
1427,"3-4 cutlets (pork, veal, chicken; pounded to 1/4 or so)",71
1428,1/2 cup bread crumbs,71
1429,Vegetable oil,71
1430,2 tbl butter,71
1431,"2 large garlic cloves, minced (1 lg tsp minced garlic)",71
1432,4 leaves chopped sage (~1+ tsp rubbed sage),71
1433,2/3 cup chicken broth,71
1434,1 tsp brown sugar,71
1435,2 tbl balsamic vinegar,71
1436,1 1/4 cups flour,72
1437,1 egg,72
1438,1 1/4 cups buttermilk (1+ tbl lemon juice + milk to 1 1/4 c),72
1439,1/4 cup sugar,72
1440,1 heaping tsp baking powder,72
1441,1 tsp baking soda,72
1442,1/4 cup cooking oil,72
1443,pinch of salt,72
1452,1- 3/4 cups water,74
1453,1 tbl cornstarch,74
1454,3/4 cup light brown sugar,74
1455,1/2 cup lite Kikkoman soy sauce,74
1456,1/2 cup canned pineapple tidbits,74
1457,1/4 cup juice from canned pineapple,74
1458,1/2 tsp garlic powder,74
1459,1/4 tsp onion powder,74
1460,2 tsp minced fresh ginger,74
1461,Teriyaki Sauce Recipe,73
1462,12 chicken tenderloins (or 6 breasts),73
1463,12 - 7 inch flour tortillas,73
1464,2 cups shredded Monterey Jack cheese,73
1465,4 cups lettuce chopped,73
1466,1 - 1/2 cups canned pineapple tidbits,73
1467,1 - 1/2 cups diced tomatoes,73
1468,1/2 cup chopped green onion,73
1469,1/3 cup pecans coarsely chopped,75
1470,3-1/2 tbl unsalted butter,75
1471,3/8 tsp salt,75
1472,1 cup milk,75
1473,3 large eggs,75
1474,2/3 cup flour,75
1475,2 tbl sugar,75
1476,3 tbl dulce de leche paste,75
1477,1/2 cup heavy cream,75
1478,1 can sweetened condensed milk,76
1479,1 cup whole milk,77
1480,4 large eggs,77
1481,3 tbl sugar,77
1482,1 tsp vanilla,77
1483,1/2 tsp salt,77
1484,1/4 tsp cinnamon,77
1485,1/8 tsp nutmeg,77
1486,2/3 cup flour,77
1487,4 tbl (1/2 stick) butter,77
1488,"2 apples peeled, thinly sliced",77
1489,3 tbl brown sugar,77
1490,powdered sugar,77
1569,3 chicken breasts,78
1570,1/2 cup flour,78
1571,1/2 tsp salt,78
1572,1/4 tsp freshly ground pepper,78
1573,6 slices bacon,78
1574,"1 small onion, diced",78
1575,"4 carrots, halved and cut into 2"" lengths",78
1576,1 cup chicken broth,78
1577,1 cup red burgundy wine,78
1578,"1 clove garlic, crushed",78
1579,1/2 tsp thyme leaves,78
1580,1 bay leaf,78
1581,pinch of parsley,78
1617,cooked white rice,80
1618,2/3 cup flour,80
1619,1 tbl paprika,80
1620,3 chicken breasts,80
1621,freshly ground black pepper,80
1622,2 tbl olive oil,80
1623,2 tbl butter,80
1624,"1/2 green pepper, chopped",80
1625,"1/2 red pepper, chopped",80
1626,"1 medium onion, chopped",80
1627,"2 or 3 cloves garlic, smashed",80
1628,1 tbl curry powder,80
1629,1-1/2 cups chicken stock,80
1630,1-1/2 cups tomato sauce,80
1631,1/2 cup raisins,80
1632,toasted slivered almonds,80
1633,"2 scallions (green onions), chopped",80
1634,5 cups flour,81
1635,2 pkgs dry yeast (2 1/4 tsp/packet =4 1/2 tsp total),81
1636,2 tbl sugar,81
1637,2 tsp salt,81
1638,2 cups water,81
1648,8 tbl olive oil,82
1649,2 tsp lemon juice,82
1650,4 cloves crushed garlic,82
1651,1 tbl dried oregano,82
1652,3 boneless chicken breasts,82
1653,3 slices bacon cooked,82
1654,5 tbl feta chunks,82
1655,4 tbl ricotta cheese,82
1656,salt and pepper to taste,82
1657,1 cup flour,83
1658,1 tsp salt,83
1659,1/2 tsp red pepper (Leave this out!),83
1660,1/2 tsp paprika,83
1661,---,83
1662,1/2 cup butter,83
1663,1/2 cup Frank's Red Hot Sauce,83
1664,1/4 tsp black pepper,83
1665,1/4 tsp garlic powder,83
1666,1 cup fine dry bread crumbs,61
1667,1/2 cup grated Romano or Parmesan cheese,61
1668,2 tbl finely chopped parsley,61
1669,"3/4 tsp salt (optional, was too salty last time)",61
1670,1/8 tsp pepper,61
1671,"2 eggs, beaten",61
1672,2 tbl milk,61
1673,1 1/2 lbs flank steak,61
1674,1 clove garlic or 1/2 tsp minced garlic,61
1675,1/4 cup olive oil,61
1676,1/2 cup sherry or Marsala wine,61
1749,3 large eggs,86
1750,1/3 cup whole milk,86
1751,1/3 cup heavy cream,86
1752,2 tbl granulated sugar,86
1753,1/4 tsp salt,86
1754,1/4 tsp vanilla,86
1755,1/2 cup all purpose flour,86
1756,1 tbl melted butter,86
1757,powdered sugar,86
1772,1/2 cup mayonnaise,87
1773,1/4 cup honey,87
1774,2 tbl Grey Poupon Dijon mustard,87
1775,4 tbl soy sauce,88
1776,1 tsp sesame oil,88
1777,1 tbl vinegar,88
1778,2 tsp minced ginger,88
1779,2 tsp fresh cilantro leaves or chopped green onion,88
1794,1/2 cup butter,89
1795,1/2 cup flour,89
1796,1 tsp salt,89
1797,Dash nutmeg,89
1798,Dash cayenne,89
1799,2 cups milk,89
1800,1 (14oz) can chicken stock + 1 boullon cube,89
1801,2 egg yolk,89
1802,1/2 cup light cream,89
1803,1/4 cup dry sherry,89
1804,1 pkg (8oz) thin spaghetti,89
1805,"4 cups cooked turkey, in large pieces",89
1806,1 cup grated sharp cheddar cheese,89
1807,Parmesan cheese,89
1808,Breadcrumbs,89
1820,1 1/2 pounds pork tenderloin,28
1821,1/2 cup olive oil,28
1822,"1/4 cup fresh cilantro, chopped",28
1823,3 tbl lime juice,28
1824,1/4 tsp freshly ground pepper,28
1825,1/4 cup roasted garlic and oil (see recipe: Roasted Garlic),28
1826,Garlic Cilantro Butter:,28
1827,1/2 pound butter,28
1828,"1/4 cup fresh cilantro, chopped",28
1829,2 tbl roasted garlic,28
1830,2 tsp lime juice,28
1837,1 24 oz package (8 patties) frozen hash browns,47
1838,1/2 cup butter,47
1839,1 medium onion sliced,47
1840,2 tsp chicken bouillon granules,47
1841,2 tsp dried dill weed/tarragon (tarragon better),47
1842,1/2 tsp ground pepper,47
1858,2 cups flour,90
1859,1 Tbl baking powder,90
1860,3 Tbl sugar,90
1861,1/2 tsp salt,90
1862,"5 Tbl butter, cut into 1/4 inch cubes",90
1863,1/2 cup currants,90
1864,1 cup heavy cream,90
1865,3 boneless skinless breast halves (1lb),91
1866,2/3 cup Bisquick,91
1867,1/2 cup grated parmesan cheese,91
1868,1/2 tsp salt or garlic salt,91
1869,1/2 tsp paprika,91
1870,1 egg slightly beaten,91
1871,3 tbl butter or margarine melted,91
1872,2 1/4 cups flour,92
1873,1 tsp salt,92
1874,1 tsp baking soda,92
1875,"2 sticks unsalted butter, softened",92
1876,1 cup packed brown sugar,92
1877,1/2 cup sugar,92
1878,2 large eggs,92
1879,1 tsp vanilla extract,92
1880,2 tsp water,92
1881,2 cups semisweet chocolate chips,92
1882,1 cup coarsely chopped walnuts,92
1896,1 1/3 cups all-purpose flour,93
1897,3 tbl powdered milk,93
1898,1 tbl sugar,93
1899,2 1/2 tsp baking powder,93
1900,3/4 tsp salt,93
1901,2 dashes cream of tartar,93
1902,1/4 cup butter flavored shortening,93
1903,2/3 cup buttermilk,93
1904,1/4 cup melted margarine - divided,93
1905,2 tbl vegetable oil,94
1906,"1 medium onion, chopped",94
1907,"2 cloves garlic, minced",94
1908,1 cup ketchup,94
1909,1/2 cup molasses,94
1910,1/4 cup cider vinegar,94
1911,2 tsp chili powder,94
1912,1/2 tsp dry mustard,94
1913,1 pound ground beef,95
1914,2 eggs,95
1915,3/4 cup parmesan cheese,95
1916,3/4 tsp garlic salt,95
1917,1 small minced onion,95
1918,1/2 cup minced celery,95
1919,1/4 cup minced parsley,95
1920,1/2 tsp onion salt,95
1921,1 cup bread crumbs,95
1922,dash of oregano,95
1923,salt and pepper to taste,95
1938,2/3 cup light cream,97
1939,1/2 tsp lemon juice,97
1940,8 eggs lightly beaten,97
1941,1/8 tsp dried basil,97
1942,1/8 tsp dried oregano,97
1943,1/8 tsp crushed dried rosemary,97
1944,1/4 cup shredded cheddar cheese,97
1945,1/4 cup grated parmesan cheese,97
1946,2 tbl butter or margarine,97
1947,4 cups heavy cream,8
1948,1 vanilla bean,8
1949,Pinch salt,8
1950,8 egg yolks,8
1951,3/4 cup sugar,8
1952,2 tbl sugar,8
1953,8 tbl brown sugar,8
1954,"3 eggs, beaten",98
1955,"1/4 cup onion, diced",98
1956,"1 fresh tomato, diced",98
1957,chopped fresh cilantro,98
1958,cayenne or regular pepper to taste,98
1959,1 1/4 cups flour,99
1960,1 egg,99
1961,1 1/4 cups buttermilk,99
1962,1/4 cup granulated sugar,99
1963,1 heaping tsp baking powder,99
1964,1 tsp baking soda,99
1965,1/4 cup cooking oil,99
1966,pinch of salt,99
1967,2 cups uncooked rice,70
1968,4 eggs separated,70
1969,1 cup grated parmesan or romano,70
1970,8 oz mozzarella - cut into cubes,70
1971,1 cup Italian flavored bread crumbs,70
1972,2 package dry yeast,96
1973,2 cups tepid water,96
1974,1/2 cup vegetable oil,96
1975,4 tbl olive oil,96
1976,1/2 cup cornmeal,96
1977,5 1/2 cups flour,96
1978,"1 lb mozzarella cheese, sliced",96
1979,"14 oz can of diced tomatoes, drained",96
1980,1 tsp basil,96
1981,1 tsp oregano,96
1982,2-4 cloves minced garlic,96
1983,salt,96
1984,grated Parmesan cheese,96
1985,3 tbl olive oil,96
1986,1 lemon,100
1987,1/4 tsp salt,100
1988,1/4 tsp chili powder,100
1989,1 tsp ground black pepper,100
1990,1/2 tsp cumin powder,100
1991,As many ears of corn on the cob as you want,100
1992,32 oz nonfat vanilla yogurt,101
1993,3-4 mangoes - peeled and cubed,101
1994,2 tsp cardamom powder,101
1995,2-4 tbl crushed pistachios,101
1996,2 cups vanilla yogurt,102
1997,2 tsp chili powder,102
1998,3 tbl ginger paste,102
1999,3 tbl garlic paste,102
2000,4 tsp cumin powder,102
2001,2 tsp garam masala,102
2002,2 tbl lemon juice (just buy a real lemon),102
2003,4 tbl mustard oil,102
2004,A few drops red food coloring,102
2005,Salt to taste,102
2006,Chaat masala,102
2007,Butter for basting,102
2008,Skinless drumsticks and thighs - 16 pieces,102
2009,3 or 4 chicken breasts,103
2010,1 pound red potatoes,103
2011,6 tbl white cooking wine,103
2012,4 tbl lemon juice,103
2013,1 tbl garlic,103
2014,1/2 cup butter - for sauce,103
2015,8 tbl half-n-half cream,103
2016,1/2 tsp basil,103
2017,1/4 tsp oregano,103
2018,2 tsp sage,103
2019,1 tbl butter - for cooking potatoes,103
2020,1 tbl butter - for cooking chicken,103
2021,Chicken Breasts,57
2022,1/4 cup butter or margarine,57
2023,2 tbl flour,57
2024,1/8 tsp cinnamon,57
2025,dash ginger,57
2026,1-1/2 cups Minute Maid Low Acid orange juice,57
2027,1/2 cup cashews,57
2028,1/2 cup seedless raisins,57
2029,4 cups hot cooked rice,57
2042,2 thick or 3 thin chicken breasts,84
2043,salt and pepper to taste,84
2044,1/2 cup flour,84
2045,2 tbl olive oil,84
2046,<b>Hawaiian Sauce</b>,84
2047,1 - 8 oz can pineapple chunks with juice,84
2048,1/2 cup brown sugar,84
2049,"1 tbl fresh ginger, minced",84
2050,1/8 tsp ground cloves,84
2051,1/4 tsp paprika,84
2052,1 tbl flour,84
2053,3 tbl low sodium soy sauce,84
2054,1 cup port wine,104
2055,1 cup soy sauce,104
2056,1/2 cup olive oil,104
2057,1 1/2 tsp pepper,104
2058,1 tsp dried thyme,104
2059,"1/2 tsp hot pepper sauce (Frank's, etc)",104
2060,"4 cloves garlic, crushed",104
2061,1 bay leaf,104
2062,"1 beef tenderloin, 5-6 lbs, trimmed",104
2063,2 tbl coarsely ground black pepper,104
2064,1/2 cup salt,105
2065,1/2 cup flour,105
2066,1/2 cup water,105
2067,food coloring,105
2068,1 (1/4 oz) package active dry yeast,106
2069,2 1/4 - 2 3/4 cups flour,106
2070,1 cup warm water (105-115 deg F),106
2071,1 tsp salt,106
2096,1-1/4 cups warm water,107
2097,1 tbl plus 1/4 tsp yeast,107
2098,3-3/4 cups all-purpose flour,107
2099,3/4 cup plus 2 tbl powdered sugar,107
2100,1-1/2 tsp salt,107
2101,2 tsp vegetable oil,107
2102,"Bath - 4 cups water, 1/2 cup baking soda",107
2103,1/4 cup melted butter,107
2104,kosher or pretzel salt,107
2105,Cinnamon Topping:,107
2106,1/2 cup granulated sugar,107
2107,2 tsp cinnamon,107
2108,Cake:,26
2109,4 egg whites,26
2110,1/2 cup butter softened,26
2111,"1/2 cup light brown sugar, packed",26
2112,1/4 cup granualted sugar,26
2113,1 tsp vanilla exptract,26
2114,2 1/4 cups all-purpose flour,26
2115,1 tsp baking soda,26
2116,1/2 tsp baking powder,26
2117,1/4 tsp salt,26
2118,1/2 cup milk,26
2119,8 oz white chocolate (cut into chunks),26
2120,1/2 cup chopped walnuts (pecans),26
2121,8 scoops vanilla ice cream,26
2122,1/2 cup chopped walnuts (pecan) for topping,26
2123,"1/2 cup butter, softened",27
2124,1/2 cup powdered sugar,27
2125,"1/4 cup cream cheese, softened",27
2126,2 tbl maple syrup,27
2127,1/4 tsp salt,27
2128,1 18.25 oz box devil's food cake mix,51
2129,1 1/4 cups water,51
2130,1/3 cup oil,51
2131,3 eggs,51
2132,1 1/2 cups (3 sticks) butter,51
2133,4 cups powdered sugar,51
2134,1/4 cup milk,51
2135,1/2 tsp vanilla extract,51
2136,"4 oz semi-sweet chocolate, chilled",51
2137,Marsala Sauce,44
2138,1/3 cup butter,44
2139,"1 slice prosciutto, diced",44
2140,2 tsp minced shallots,44
2141,2 tsp minced garlic,44
2142,2 4-oz cans sliced mushrooms,44
2143,1/4 cup marsala wine,44
2144,1/4 tsp black pepper,44
2145,1 cup chicken stock,44
2146,2 tsp corn starch,44
2147,1 tsp minced fresh parsley,44
2148,2 tbl heavy cream,44
2149,4 chicken breasts,44
2150,Chicken Spice,44
2151,1 1/4 tsp salt,44
2152,1 tsp black pepper,44
2153,1/2 tsp dried oregano,44
2154,1/2 tsp dried thyme,44
2155,1/2 tsp dried parsely,44
2156,1/4 tsp marjoram,44
2157,1/4 tsp garlic powder,44
2158,1/4 tsp onion powder,44
2159,2 tbl white wine,108
2160,1 tbl lemon juice,108
2161,1 tbl chopped shallots,108
2162,2 tbl half-n-half,108
2163,1/4 cup butter,108
2164,pepper,108
2165,3 cedar planks,109
2166,3 boneless chicken breasts,109
2167,1 tbl finely chopped fresh sage,109
2168,2 tbl paprika,109
2169,2 tbl finely chopped fresh thyme,109
2170,pinch salt,109
2171,1/2 tsp freshly ground black pepper,109
2172,3 red potatoes,109
2173,1 tbl margarine,109
2178,2 pounds carrots peeled,85
2179,2/3 cup packed brown sugar,85
2180,1/4 cup margarine or butter,85
2181,1 tsp grated orange peel,85
2200,"1/4 cup butter, melted",111
2201,1 egg,111
2202,1 cup milk,111
2203,1 cup shredded tart apple,111
2204,1-1/4 cups all purpose flour,111
2205,1-1/4 tsp baking powder,111
2206,1/4 tsp ground cinnamon,111
2207,1/2 tsp nutmeg,111
2208,1 tbl white sugar,111
2236,1 1/3 cups flour (13 cups for 10x batch),110
2237,2 tsp baking powder (6 tbl + 2 tsp),110
2238,1/2 tsp salt (1 tbl + 2 tsp),110
2239,1 tsp cinnamon (3 tbl + 1 tsp),110
2240,2 tbl vegetable oil (1 cup + 4 tbl),110
2241,5 tbl water (3 cups + 2 tbl),110
2242,300 ml soy milk (Silk Very Van is good) (3 liters),110
2243,1 tsp vanilla extract (3 tbl + 1 tsp),110
2244,2 tbl maple syrup (1 cup + 4 tbl),110
2245,1 pound lean ground beef,112
2246,1/2 cup onion chopped finely,112
2247,1/2 cup green pepper chopped finely,112
2248,2 cans (15 ounces) dark kidney beans,112
2249,1 can (14.5 ounces) petite diced tomatoes,112
2250,1/2 cup frozen sweet corn,112
2251,1 can (6 ounces) tomato paste,112
2252,1/2 cup water,112
2253,3 to 4 tsp chili powder,112
2254,2 small chickens (or 3 chicken breasts),113
2255,1 tbl olive oil,113
2256,5 thin slices bacon,113
2257,4 tbl butter or margerine,113
2258,16 pearl white onions,113
2259,2-3 cloves garlic crushed,113
2260,3 tsp grated fresh ginger,113
2261,2 tsp grated orange rind,113
2262,2 tsp ground cumin,113
2263,2 tsp ground cardamom,113
2264,2 tbl honey,113
2265,1 cup Minute Maid Low Acid Orange Juice,113
2266,1 cup white wine,113
2267,1/2 cup chicken stock,113
2268,1 bunch baby carrots,113
2269,3 tbl corn starch,114
2270,2 tbl chili powder,114
2271,1 tbl salt,114
2272,1 tbl paprika,114
2273,1 tbl sugar,114
2274,2 1/2 tsp crushed chicken bullion cubes,114
2275,1 1/2 tsp onion powder,114
2276,1/2 tsp garlic powder,114
2277,1/2 tsp cayenne pepper,114
2278,1/4 tsp crushed red pepper flakes,114
2279,1/2 tsp cumin,114
2280,2 cups all-purpose flour,115
2281,2/3 cup sugar,115
2282,2 1/2 tsp baking powder,115
2283,1/4 tsp baking soda,115
2284,1/2 tsp salt,115
2285,1 tsp ground cinnamon,115
2286,1 cup milk (or Silk),115
2287,8 tbl melted butter (or Smart Balance Light),115
2288,2 eggs (or equiv egg subst),115
2289,1 cup blueberries,115
2299,1 cup all-purpose flour,116
2300,1/4 tsp salt,116
2301,2 tbl sugar,116
2302,1/2 tsp powered cinnamon,116
2303,1/2 tsp powdered nutmeg,116
2304,1/2 cup very vanilla Silk,116
2305,1/2 cup water,116
2306,3 Tbl vegetable oil,116
2307,1 egg substitute (1 Tbl water + 1 1/2 tsp powder),116
2308,2 cups flour,117
2309,1 Tbl baking powder,117
2310,3 Tbl sugar,117
2311,1/4 tsp salt,117
2312,2-1/2 Tbl Smart Balance Light,117
2313,2-1/2 Tbl Vegetable Shortening,117
2314,1/2 cup currants (or blueberries),117
2315,1 cup Very Vanilla Silk,117
2316,2 cups flour,118
2317,2 1/2 tsp baking powder,118
2318,1/4 tsp salt,118
2319,1/3 cup shortening,118
2320,3/4 cup sugar,118
2321,1 egg (or egg substitute),118
2322,1 tsp vanilla,118
2323,1/2 cup milk (or very van soy milk),118
2324,1 1/2 cup blueberries,118
2325,Topping:,118
2326,1/4 cup sugar,118
2327,2 tsp flour,118
2328,1/2 tsp cinnamon,118
2329,1 tbl butter,118
2347,1 cup warm water,119
2348,2 tbl rapid rise yeast,119
2349,2 tbl honey,119
2350,1/4 cup olive oil,119
2351,3-1/2 cups flour,119
2352,1/2 tsp salt,119
2353,1/2 tsp garlic powder,119
2354,1/2 tsp basil,119
2355,"1 (2 to 3 pound ) whole chicken, cut into pieces",121
2356,1/2 cup barbecue sauce,121
2357,3 tablespoon plum jam,121
2363,"1 (2 to 3 pound ) whole chicken, cut into pieces",122
2364,1/2 cup barbecue sauce,122
2365,3 tablespoon plum jam,122
2366,1 (1 ounce) package dry onion soup mix,122
2367,1 (29oz) can tomato sauce,120
2368,1 (6oz) can tomato paste,120
2369,1 tsp onion salt,120
2370,1 clove garlic,120
2371,1-1/2 tsp oregano,120
2372,1/2 tsp marjoram,120
2373,1/2 tsp basil,120
2374,1/4 tsp thyme,120
2375,1/4 tsp rosemary,120
2376,2 cups chicken broth,123
2377,4 tbl chili powder,123
2378,1 tsp ground cumin,123
2379,2 heaping tsp garlic powder,123
2380,3/4 tsp salt,123
2381,1 pinch ground cinnamon (less than 1/16 tsp),123
2382,1/3 tsp sugar,123
2383,5 tbl cold water,123
2384,5 tbl white flour,123
2385,2 tbl chopped onions,13
2386,1/4 cup melted butter,13
2387,1 cup chopped turkey,13
2388,2 cups diced potatoes,13
2389,1 cup diced celery,13
2390,2 cups chicken broth,13
2391,1 cup frozen corn,13
2392,2 cups half and half,13
2393,1 teaspoon salt,13
2394,1/4 tsp paprika,13
2395,1/4 tsp ginger,13
2396,1/8 tsp pepper,13
2397,2 tbl chopped parsley,13
2406,1 large egg,124
2407,1/2 cup milk,124
2408,3/4 cup self rising flour,124
2409,1 tsp seasoning salt,124
2410,1/2 tsp ground black pepper,124
2411,1/2 tsp garlic powder,124
2412,2-4 hamburger patties,124
2413,1 cup warmed milk (for gravy),124
2414,1/4 cup butter,125
2415,4 Tbl flour,125
2416,2 cups warm milk,125
2417,1 cup grated Swiss cheese,125
2418,1/2 cup white wine,125
2419,2 slices prosciutto - chopped,125
2420,dash of nutmeg,125
2421,dash of freshly ground black pepper,125
2422,1 4-5 pound tough roast,126
2423,flour for dredging,126
2424,2 Tbl vegetable oil,126
2425,1 large onion minced,126
2426,3 cloves garlic minced,126
2427,1 - 29 oz can tomato sauce,126
2428,3 cubes beef bullion,126
2429,1 tsp cilantro,126
2430,1 tsp chili powder,126
2431,1 tsp oregano,126
2432,dash cayenne pepper,126
2433,1 cup water,126
2449,2 tbl butter,127
2450,2 tbl flour,127
2451,1 cup milk or cream,127
2452,salt and white pepper to taste,127
2453,"Cheese, Montery Jack and Cheddar or mix, shredded or cubed",127
2468,1 lb ground or shredded beef,128
2469,"1/2 onion, diced",128
2470,"2 tomatoes, chopped",128
2471,1 can chopped green chilies,128
2472,1 tsp salt,128
2473,1 1/2 tsp oregano,128
2474,1 to 2 tsp chili powder,128
2475,2 tbl minced fresh cilantro,128
2476,flour tortillas,128
2477,Veg oil,128
2478,"Cheddar cheese, shredded",128
2479,Sour cream,128
2480,Salsa,128
2481,"Lettuce, shredded",128
2482,1 cup sifted all-purpose flour,31
2483,1/4 tsp salt,31
2484,2 tbl sugar,31
2485,1/2 tsp powdered cinnamon,31
2486,1 cup milk,31
2487,2 tbl melted butter,31
2488,"2 eggs, slightly beaten",31
2496,1 cup soft unsalted butter,129
2497,1/4 tsp salt,129
2498,1 cup chopped pecans,129
2499,1 Tbl cinnamon,129
2500,8 oz soft cream cheese,129
2501,2 cups sifted flour,129
2502,1/2 cup granulated sugar,129
2503,1/2 cup soy sauce,130
2504,1/4 cup light brown sugar,130
2505,"1 clove garlic, sliced thick",130
2506,"1 1/2 pound London Broil, 1 1/2 inches thick",130
2507,Black pepper,130
2508,1 chopped onion,130
2509,1 tbl sesame seeds,130
2510,2 cups white sugar,131
2511,1-3/4 cups all purpose flour,131
2512,3/4 cup unsweetened cocoa powder,131
2513,1-1/2 tsp baking powder,131
2514,1-1/2 tsp baking soda,131
2515,1 tsp salt,131
2516,2 eggs,131
2517,1 cup milk,131
2518,1/2 cup vegetable oil,131
2519,2 tsp vanilla,131
2520,1 cup boiling water,131
2521,1/4 cup butter,132
2522,4 ounces brown sugar,132
2523,dash salt,132
2524,1/4 cup light corn syrup,132
2525,3.5 ounces (weighed) sweetened condensed milk,132
2526,1/4 tsp vanilla,132
2527,3 boneless chicken breasts,133
2528,2 Tbl Olive Oil,133
2529,2 Tbl Butter,133
2530,1 medium red onion chopped,133
2531,2 Tbl parsley,133
2532,3-1/2 Tbl flour,133
2533,3 cups chicken broth,133
2534,1 cup apple cider,133
2535,3 medium potatoes diced,133
2536,salt and pepper to taste,133
2537,Bisquick,133
2538,Kosher Salt,134
2539,Fresh Ground Pepper,134
2540,Olive Oil,134
